{"cameraMode":{"drawMode":0,"name":"Shaded","section":"Shading Mode"},"sceneLighting":false,"audioPlay":false,"sceneViewState":{"showFog":true,"showMaterialUpdate":false,"showSkybox":false,"showFlares":true,"showImageEffects":true,"showParticleSystems":true,"showVisualEffectGraphs":true,"m_FxEnabled":true},"in2DMode":false,"pivot":{"x":1.1437371969223023,"y":0.18772931396961213,"z":3.136080026626587},"rotation":{"x":0.1422441154718399,"y":-0.03324250876903534,"z":0.004781133960932493,"w":0.9892635345458984},"size":4.515896797180176,"orthographic":false}