{"cameraMode":{"drawMode":1,"name":"Wireframe","section":"Shading Mode"},"sceneLighting":false,"audioPlay":false,"sceneViewState":{"showFog":true,"showMaterialUpdate":false,"showSkybox":false,"showFlares":true,"showImageEffects":true,"showParticleSystems":true,"showVisualEffectGraphs":true,"m_FxEnabled":true},"in2DMode":false,"pivot":{"x":2.1661460399627687,"y":0.4049082398414612,"z":0.04355533421039581},"rotation":{"x":0.10095003992319107,"y":0.36826303601264956,"z":-0.04026123136281967,"w":0.9233509302139282},"size":0.7245330214500427,"orthographic":false}